[
   {
      "model":"auth.permission",
      "pk":1,
      "fields":{
         "name":"Can add log entry",
         "content_type":1,
         "codename":"add_logentry"
      }
   },
   {
      "model":"auth.permission",
      "pk":2,
      "fields":{
         "name":"Can change log entry",
         "content_type":1,
         "codename":"change_logentry"
      }
   },
   {
      "model":"auth.permission",
      "pk":3,
      "fields":{
         "name":"Can delete log entry",
         "content_type":1,
         "codename":"delete_logentry"
      }
   },
   {
      "model":"auth.permission",
      "pk":4,
      "fields":{
         "name":"Can view log entry",
         "content_type":1,
         "codename":"view_logentry"
      }
   },
   {
      "model":"auth.permission",
      "pk":5,
      "fields":{
         "name":"Can add permission",
         "content_type":2,
         "codename":"add_permission"
      }
   },
   {
      "model":"auth.permission",
      "pk":6,
      "fields":{
         "name":"Can change permission",
         "content_type":2,
         "codename":"change_permission"
      }
   },
   {
      "model":"auth.permission",
      "pk":7,
      "fields":{
         "name":"Can delete permission",
         "content_type":2,
         "codename":"delete_permission"
      }
   },
   {
      "model":"auth.permission",
      "pk":8,
      "fields":{
         "name":"Can view permission",
         "content_type":2,
         "codename":"view_permission"
      }
   },
   {
      "model":"auth.permission",
      "pk":9,
      "fields":{
         "name":"Can add group",
         "content_type":3,
         "codename":"add_group"
      }
   },
   {
      "model":"auth.permission",
      "pk":10,
      "fields":{
         "name":"Can change group",
         "content_type":3,
         "codename":"change_group"
      }
   },
   {
      "model":"auth.permission",
      "pk":11,
      "fields":{
         "name":"Can delete group",
         "content_type":3,
         "codename":"delete_group"
      }
   },
   {
      "model":"auth.permission",
      "pk":12,
      "fields":{
         "name":"Can view group",
         "content_type":3,
         "codename":"view_group"
      }
   },
   {
      "model":"auth.permission",
      "pk":13,
      "fields":{
         "name":"Can add content type",
         "content_type":4,
         "codename":"add_contenttype"
      }
   },
   {
      "model":"auth.permission",
      "pk":14,
      "fields":{
         "name":"Can change content type",
         "content_type":4,
         "codename":"change_contenttype"
      }
   },
   {
      "model":"auth.permission",
      "pk":15,
      "fields":{
         "name":"Can delete content type",
         "content_type":4,
         "codename":"delete_contenttype"
      }
   },
   {
      "model":"auth.permission",
      "pk":16,
      "fields":{
         "name":"Can view content type",
         "content_type":4,
         "codename":"view_contenttype"
      }
   },
   {
      "model":"auth.permission",
      "pk":17,
      "fields":{
         "name":"Can add session",
         "content_type":5,
         "codename":"add_session"
      }
   },
   {
      "model":"auth.permission",
      "pk":18,
      "fields":{
         "name":"Can change session",
         "content_type":5,
         "codename":"change_session"
      }
   },
   {
      "model":"auth.permission",
      "pk":19,
      "fields":{
         "name":"Can delete session",
         "content_type":5,
         "codename":"delete_session"
      }
   },
   {
      "model":"auth.permission",
      "pk":20,
      "fields":{
         "name":"Can view session",
         "content_type":5,
         "codename":"view_session"
      }
   },
   {
      "model":"auth.permission",
      "pk":21,
      "fields":{
         "name":"Can add user",
         "content_type":6,
         "codename":"add_user"
      }
   },
   {
      "model":"auth.permission",
      "pk":22,
      "fields":{
         "name":"Can change user",
         "content_type":6,
         "codename":"change_user"
      }
   },
   {
      "model":"auth.permission",
      "pk":23,
      "fields":{
         "name":"Can delete user",
         "content_type":6,
         "codename":"delete_user"
      }
   },
   {
      "model":"auth.permission",
      "pk":24,
      "fields":{
         "name":"Can view user",
         "content_type":6,
         "codename":"view_user"
      }
   },
   {
      "model":"auth.permission",
      "pk":25,
      "fields":{
         "name":"Can add profile",
         "content_type":7,
         "codename":"add_profile"
      }
   },
   {
      "model":"auth.permission",
      "pk":26,
      "fields":{
         "name":"Can change profile",
         "content_type":7,
         "codename":"change_profile"
      }
   },
   {
      "model":"auth.permission",
      "pk":27,
      "fields":{
         "name":"Can delete profile",
         "content_type":7,
         "codename":"delete_profile"
      }
   },
   {
      "model":"auth.permission",
      "pk":28,
      "fields":{
         "name":"Can view profile",
         "content_type":7,
         "codename":"view_profile"
      }
   },
   {
      "model":"auth.permission",
      "pk":29,
      "fields":{
         "name":"Can add category",
         "content_type":8,
         "codename":"add_category"
      }
   },
   {
      "model":"auth.permission",
      "pk":30,
      "fields":{
         "name":"Can change category",
         "content_type":8,
         "codename":"change_category"
      }
   },
   {
      "model":"auth.permission",
      "pk":31,
      "fields":{
         "name":"Can delete category",
         "content_type":8,
         "codename":"delete_category"
      }
   },
   {
      "model":"auth.permission",
      "pk":32,
      "fields":{
         "name":"Can view category",
         "content_type":8,
         "codename":"view_category"
      }
   },
   {
      "model":"auth.permission",
      "pk":33,
      "fields":{
         "name":"Can add club",
         "content_type":9,
         "codename":"add_club"
      }
   },
   {
      "model":"auth.permission",
      "pk":34,
      "fields":{
         "name":"Can change club",
         "content_type":9,
         "codename":"change_club"
      }
   },
   {
      "model":"auth.permission",
      "pk":35,
      "fields":{
         "name":"Can delete club",
         "content_type":9,
         "codename":"delete_club"
      }
   },
   {
      "model":"auth.permission",
      "pk":36,
      "fields":{
         "name":"Can view club",
         "content_type":9,
         "codename":"view_club"
      }
   },
   {
      "model":"auth.permission",
      "pk":37,
      "fields":{
         "name":"Can add discipline",
         "content_type":10,
         "codename":"add_discipline"
      }
   },
   {
      "model":"auth.permission",
      "pk":38,
      "fields":{
         "name":"Can change discipline",
         "content_type":10,
         "codename":"change_discipline"
      }
   },
   {
      "model":"auth.permission",
      "pk":39,
      "fields":{
         "name":"Can delete discipline",
         "content_type":10,
         "codename":"delete_discipline"
      }
   },
   {
      "model":"auth.permission",
      "pk":40,
      "fields":{
         "name":"Can view discipline",
         "content_type":10,
         "codename":"view_discipline"
      }
   },
   {
      "model":"auth.permission",
      "pk":41,
      "fields":{
         "name":"Can add league",
         "content_type":11,
         "codename":"add_league"
      }
   },
   {
      "model":"auth.permission",
      "pk":42,
      "fields":{
         "name":"Can change league",
         "content_type":11,
         "codename":"change_league"
      }
   },
   {
      "model":"auth.permission",
      "pk":43,
      "fields":{
         "name":"Can delete league",
         "content_type":11,
         "codename":"delete_league"
      }
   },
   {
      "model":"auth.permission",
      "pk":44,
      "fields":{
         "name":"Can view league",
         "content_type":11,
         "codename":"view_league"
      }
   },
   {
      "model":"auth.permission",
      "pk":45,
      "fields":{
         "name":"Can add organizer",
         "content_type":12,
         "codename":"add_organizer"
      }
   },
   {
      "model":"auth.permission",
      "pk":46,
      "fields":{
         "name":"Can change organizer",
         "content_type":12,
         "codename":"change_organizer"
      }
   },
   {
      "model":"auth.permission",
      "pk":47,
      "fields":{
         "name":"Can delete organizer",
         "content_type":12,
         "codename":"delete_organizer"
      }
   },
   {
      "model":"auth.permission",
      "pk":48,
      "fields":{
         "name":"Can view organizer",
         "content_type":12,
         "codename":"view_organizer"
      }
   },
   {
      "model":"auth.permission",
      "pk":49,
      "fields":{
         "name":"Can add player",
         "content_type":13,
         "codename":"add_player"
      }
   },
   {
      "model":"auth.permission",
      "pk":50,
      "fields":{
         "name":"Can change player",
         "content_type":13,
         "codename":"change_player"
      }
   },
   {
      "model":"auth.permission",
      "pk":51,
      "fields":{
         "name":"Can delete player",
         "content_type":13,
         "codename":"delete_player"
      }
   },
   {
      "model":"auth.permission",
      "pk":52,
      "fields":{
         "name":"Can view player",
         "content_type":13,
         "codename":"view_player"
      }
   },
   {
      "model":"auth.permission",
      "pk":53,
      "fields":{
         "name":"Can add propositions",
         "content_type":14,
         "codename":"add_propositions"
      }
   },
   {
      "model":"auth.permission",
      "pk":54,
      "fields":{
         "name":"Can change propositions",
         "content_type":14,
         "codename":"change_propositions"
      }
   },
   {
      "model":"auth.permission",
      "pk":55,
      "fields":{
         "name":"Can delete propositions",
         "content_type":14,
         "codename":"delete_propositions"
      }
   },
   {
      "model":"auth.permission",
      "pk":56,
      "fields":{
         "name":"Can view propositions",
         "content_type":14,
         "codename":"view_propositions"
      }
   },
   {
      "model":"auth.permission",
      "pk":57,
      "fields":{
         "name":"Can add schedule",
         "content_type":15,
         "codename":"add_schedule"
      }
   },
   {
      "model":"auth.permission",
      "pk":58,
      "fields":{
         "name":"Can change schedule",
         "content_type":15,
         "codename":"change_schedule"
      }
   },
   {
      "model":"auth.permission",
      "pk":59,
      "fields":{
         "name":"Can delete schedule",
         "content_type":15,
         "codename":"delete_schedule"
      }
   },
   {
      "model":"auth.permission",
      "pk":60,
      "fields":{
         "name":"Can view schedule",
         "content_type":15,
         "codename":"view_schedule"
      }
   },
   {
      "model":"auth.permission",
      "pk":61,
      "fields":{
         "name":"Can add scoreboard",
         "content_type":16,
         "codename":"add_scoreboard"
      }
   },
   {
      "model":"auth.permission",
      "pk":62,
      "fields":{
         "name":"Can change scoreboard",
         "content_type":16,
         "codename":"change_scoreboard"
      }
   },
   {
      "model":"auth.permission",
      "pk":63,
      "fields":{
         "name":"Can delete scoreboard",
         "content_type":16,
         "codename":"delete_scoreboard"
      }
   },
   {
      "model":"auth.permission",
      "pk":64,
      "fields":{
         "name":"Can view scoreboard",
         "content_type":16,
         "codename":"view_scoreboard"
      }
   },
   {
      "model":"auth.permission",
      "pk":65,
      "fields":{
         "name":"Can add season",
         "content_type":17,
         "codename":"add_season"
      }
   },
   {
      "model":"auth.permission",
      "pk":66,
      "fields":{
         "name":"Can change season",
         "content_type":17,
         "codename":"change_season"
      }
   },
   {
      "model":"auth.permission",
      "pk":67,
      "fields":{
         "name":"Can delete season",
         "content_type":17,
         "codename":"delete_season"
      }
   },
   {
      "model":"auth.permission",
      "pk":68,
      "fields":{
         "name":"Can view season",
         "content_type":17,
         "codename":"view_season"
      }
   },
   {
      "model":"auth.permission",
      "pk":69,
      "fields":{
         "name":"Can add tournament",
         "content_type":18,
         "codename":"add_tournament"
      }
   },
   {
      "model":"auth.permission",
      "pk":70,
      "fields":{
         "name":"Can change tournament",
         "content_type":18,
         "codename":"change_tournament"
      }
   },
   {
      "model":"auth.permission",
      "pk":71,
      "fields":{
         "name":"Can delete tournament",
         "content_type":18,
         "codename":"delete_tournament"
      }
   },
   {
      "model":"auth.permission",
      "pk":72,
      "fields":{
         "name":"Can view tournament",
         "content_type":18,
         "codename":"view_tournament"
      }
   },
   {
      "model":"auth.permission",
      "pk":73,
      "fields":{
         "name":"Can add result",
         "content_type":19,
         "codename":"add_result"
      }
   },
   {
      "model":"auth.permission",
      "pk":74,
      "fields":{
         "name":"Can change result",
         "content_type":19,
         "codename":"change_result"
      }
   },
   {
      "model":"auth.permission",
      "pk":75,
      "fields":{
         "name":"Can delete result",
         "content_type":19,
         "codename":"delete_result"
      }
   },
   {
      "model":"auth.permission",
      "pk":76,
      "fields":{
         "name":"Can view result",
         "content_type":19,
         "codename":"view_result"
      }
   },
   {
      "model":"auth.group",
      "pk":1,
      "fields":{
         "name":"Bežný uživateľ",
         "permissions":[
            26,
            28,
            22,
            24,
            32,
            36,
            40,
            44,
            48,
            52,
            56,
            76,
            60,
            64,
            68,
            72
         ]
      }
   },
   {
      "model":"auth.group",
      "pk":2,
      "fields":{
         "name":"Organizátor",
         "permissions":[
            26,
            28,
            22,
            24,
            29,
            30,
            32,
            33,
            34,
            36,
            37,
            38,
            40,
            41,
            42,
            44,
            45,
            46,
            48,
            52,
            53,
            54,
            56,
            73,
            74,
            76,
            57,
            58,
            60,
            61,
            62,
            64,
            65,
            66,
            68,
            69,
            70,
            72
         ]
      }
   },
   {
      "model":"auth.group",
      "pk":3,
      "fields":{
         "name":"Zástupca klubu",
         "permissions":[
            26,
            28,
            22,
            24,
            32,
            36,
            40,
            44,
            48,
            49,
            50,
            51,
            52,
            56,
            76,
            60,
            64,
            68,
            72
         ]
      }
   },
   {
      "model":"contenttypes.contenttype",
      "pk":1,
      "fields":{
         "app_label":"admin",
         "model":"logentry"
      }
   },
   {
      "model":"contenttypes.contenttype",
      "pk":2,
      "fields":{
         "app_label":"auth",
         "model":"permission"
      }
   },
   {
      "model":"contenttypes.contenttype",
      "pk":3,
      "fields":{
         "app_label":"auth",
         "model":"group"
      }
   },
   {
      "model":"contenttypes.contenttype",
      "pk":4,
      "fields":{
         "app_label":"contenttypes",
         "model":"contenttype"
      }
   },
   {
      "model":"contenttypes.contenttype",
      "pk":5,
      "fields":{
         "app_label":"sessions",
         "model":"session"
      }
   },
   {
      "model":"contenttypes.contenttype",
      "pk":6,
      "fields":{
         "app_label":"accounts",
         "model":"user"
      }
   },
   {
      "model":"contenttypes.contenttype",
      "pk":7,
      "fields":{
         "app_label":"accounts",
         "model":"profile"
      }
   },
   {
      "model":"contenttypes.contenttype",
      "pk":8,
      "fields":{
         "app_label":"tournaments",
         "model":"category"
      }
   },
   {
      "model":"contenttypes.contenttype",
      "pk":9,
      "fields":{
         "app_label":"tournaments",
         "model":"club"
      }
   },
   {
      "model":"contenttypes.contenttype",
      "pk":10,
      "fields":{
         "app_label":"tournaments",
         "model":"discipline"
      }
   },
   {
      "model":"contenttypes.contenttype",
      "pk":11,
      "fields":{
         "app_label":"tournaments",
         "model":"league"
      }
   },
   {
      "model":"contenttypes.contenttype",
      "pk":12,
      "fields":{
         "app_label":"tournaments",
         "model":"organizer"
      }
   },
   {
      "model":"contenttypes.contenttype",
      "pk":13,
      "fields":{
         "app_label":"tournaments",
         "model":"player"
      }
   },
   {
      "model":"contenttypes.contenttype",
      "pk":14,
      "fields":{
         "app_label":"tournaments",
         "model":"propositions"
      }
   },
   {
      "model":"contenttypes.contenttype",
      "pk":15,
      "fields":{
         "app_label":"tournaments",
         "model":"schedule"
      }
   },
   {
      "model":"contenttypes.contenttype",
      "pk":16,
      "fields":{
         "app_label":"tournaments",
         "model":"scoreboard"
      }
   },
   {
      "model":"contenttypes.contenttype",
      "pk":17,
      "fields":{
         "app_label":"tournaments",
         "model":"season"
      }
   },
   {
      "model":"contenttypes.contenttype",
      "pk":18,
      "fields":{
         "app_label":"tournaments",
         "model":"tournament"
      }
   },
   {
      "model":"contenttypes.contenttype",
      "pk":19,
      "fields":{
         "app_label":"tournaments",
         "model":"result"
      }
   },
   {
      "model":"tournaments.club",
      "pk":1,
      "fields":{
         "club_name":"STO Slovenská Ves"
      }
   },
   {
      "model":"tournaments.club",
      "pk":2,
      "fields":{
         "club_name":"TTC Spartak Poprad"
      }
   },
   {
      "model":"tournaments.club",
      "pk":3,
      "fields":{
         "club_name":"ŠKST Spišský Štvrtok"
      }
   },
   {
      "model":"tournaments.club",
      "pk":4,
      "fields":{
         "club_name":"TJ Dunajec Spišská Stará Ves"
      }
   },
   {
      "model":"tournaments.club",
      "pk":5,
      "fields":{
         "club_name":"1. PPC Fortuna Kežmarok"
      }
   },
   {
      "model":"tournaments.club",
      "pk":6,
      "fields":{
         "club_name":"STO Mladý pinpongista Slovenská Ves"
      }
   },
   {
      "model":"tournaments.category",
      "pk":1,
      "fields":{
         "category_name":"mladší žiaci"
      }
   },
   {
      "model":"tournaments.category",
      "pk":2,
      "fields":{
         "category_name":"starší žiaci"
      }
   },
   {
      "model":"tournaments.category",
      "pk":3,
      "fields":{
         "category_name":"dorastenci"
      }
   },
   {
      "model":"tournaments.category",
      "pk":4,
      "fields":{
         "category_name":"dievčata"
      }
   },
   {
      "model":"tournaments.player",
      "pk":1,
      "fields":{
         "name":"Dávid",
         "lastname":"Kovalčík",
         "year_of_birth":2011,
         "license_validity":"2023-01-15",
         "player_is_girl":false,
         "club":1
      }
   },
   {
      "model":"tournaments.player",
      "pk":2,
      "fields":{
         "name":"Dávid",
         "lastname":"Michalák",
         "year_of_birth":2010,
         "license_validity":"2023-01-15",
         "player_is_girl":false,
         "club":2
      }
   },
   {
      "model":"tournaments.player",
      "pk":3,
      "fields":{
         "name":"Adam",
         "lastname":"Harhay",
         "year_of_birth":2010,
         "license_validity":"2023-01-15",
         "player_is_girl":false,
         "club":2
      }
   },
   {
      "model":"tournaments.player",
      "pk":4,
      "fields":{
         "name":"Adrián",
         "lastname":"Šterbák",
         "year_of_birth":2010,
         "license_validity":"2023-01-15",
         "player_is_girl":false,
         "club":2
      }
   },
   {
      "model":"tournaments.player",
      "pk":5,
      "fields":{
         "name":"Adam",
         "lastname":"Chrabačka",
         "year_of_birth":2010,
         "license_validity":"2023-01-15",
         "player_is_girl":false,
         "club":2
      }
   },
   {
      "model":"tournaments.player",
      "pk":6,
      "fields":{
         "name":"Jakub",
         "lastname":"Javorský",
         "year_of_birth":2010,
         "license_validity":"2023-01-15",
         "player_is_girl":false,
         "club":3
      }
   },
   {
      "model":"tournaments.player",
      "pk":7,
      "fields":{
         "name":"Michal",
         "lastname":"Danielčák",
         "year_of_birth":2010,
         "license_validity":"2023-01-15",
         "player_is_girl":false,
         "club":4
      }
   },
   {
      "model":"tournaments.player",
      "pk":8,
      "fields":{
         "name":"Martin",
         "lastname":"Hiščár",
         "year_of_birth":2012,
         "license_validity":"2023-01-15",
         "player_is_girl":false,
         "club":5
      }
   },
   {
      "model":"tournaments.player",
      "pk":9,
      "fields":{
         "name":"Marco",
         "lastname":"Horník",
         "year_of_birth":2012,
         "license_validity":"2023-01-15",
         "player_is_girl":false,
         "club":4
      }
   },
   {
      "model":"tournaments.player",
      "pk":10,
      "fields":{
         "name":"Tobias",
         "lastname":"Ragan",
         "year_of_birth":2010,
         "license_validity":"2023-01-15",
         "player_is_girl":false,
         "club":4
      }
   },
   {
      "model":"tournaments.player",
      "pk":11,
      "fields":{
         "name":"Lukáš",
         "lastname":"Halčin",
         "year_of_birth":2011,
         "license_validity":"2023-01-15",
         "player_is_girl":false,
         "club":6
      }
   },
   {
      "model":"tournaments.player",
      "pk":12,
      "fields":{
         "name":"Richard",
         "lastname":"Kriak",
         "year_of_birth":2010,
         "license_validity":"2023-01-15",
         "player_is_girl":false,
         "club":2
      }
   },
   {
      "model":"tournaments.player",
      "pk":13,
      "fields":{
         "name":"Martin",
         "lastname":"Harniš",
         "year_of_birth":2010,
         "license_validity":"2023-01-15",
         "player_is_girl":false,
         "club":5
      }
   },
   {
      "model":"tournaments.player",
      "pk":14,
      "fields":{
         "name":"Lukáš",
         "lastname":"Povazsay",
         "year_of_birth":2011,
         "license_validity":"2023-01-15",
         "player_is_girl":false,
         "club":5
      }
   },
   {
      "model":"tournaments.player",
      "pk":15,
      "fields":{
         "name":"Karol",
         "lastname":"Demko",
         "year_of_birth":2012,
         "license_validity":"2023-01-15",
         "player_is_girl":false,
         "club":6
      }
   },
   {
      "model":"tournaments.player",
      "pk":16,
      "fields":{
         "name":"Alex",
         "lastname":"Litkowietz",
         "year_of_birth":2011,
         "license_validity":"2023-01-15",
         "player_is_girl":false,
         "club":5
      }
   },
   {
      "model":"tournaments.player",
      "pk":17,
      "fields":{
         "name":"Jozef",
         "lastname":"Majerčák",
         "year_of_birth":2011,
         "license_validity":"2023-01-15",
         "player_is_girl":false,
         "club":6
      }
   },
   {
      "model":"tournaments.player",
      "pk":18,
      "fields":{
         "name":"Vladimír",
         "lastname":"Strišovský",
         "year_of_birth":2013,
         "license_validity":"2023-01-15",
         "player_is_girl":false,
         "club":6
      }
   },
   {
      "model":"tournaments.player",
      "pk":19,
      "fields":{
         "name":"Tobias",
         "lastname":"Neupauer",
         "year_of_birth":2012,
         "license_validity":"2023-01-15",
         "player_is_girl":false,
         "club":6
      }
   },
   {
      "model":"tournaments.player",
      "pk":20,
      "fields":{
         "name":"Alexander",
         "lastname":"Strišovský",
         "year_of_birth":2011,
         "license_validity":"2023-01-15",
         "player_is_girl":false,
         "club":6
      }
   },
   {
      "model":"tournaments.player",
      "pk":21,
      "fields":{
         "name":"Pavol",
         "lastname":"Sebeš",
         "year_of_birth":2011,
         "license_validity":"2023-01-15",
         "player_is_girl":false,
         "club":6
      }
   },
   {
      "model":"tournaments.player",
      "pk":22,
      "fields":{
         "name":"Tomáš",
         "lastname":"Kuruc",
         "year_of_birth":2010,
         "license_validity":"2023-01-15",
         "player_is_girl":false,
         "club":2
      }
   },
   {
      "model":"tournaments.player",
      "pk":23,
      "fields":{
         "name":"Dominik",
         "lastname":"Jurkovský",
         "year_of_birth":2010,
         "license_validity":"2023-01-18",
         "player_is_girl":false,
         "club":1
      }
   },
   {
      "model":"tournaments.player",
      "pk":24,
      "fields":{
         "name":"Samuel",
         "lastname":"Lištiak",
         "year_of_birth":2010,
         "license_validity":"2023-01-18",
         "player_is_girl":false,
         "club":2
      }
   },
   {
      "model":"tournaments.player",
      "pk":25,
      "fields":{
         "name":"Jakub",
         "lastname":"Skokan",
         "year_of_birth":2011,
         "license_validity":"2023-01-18",
         "player_is_girl":false,
         "club":2
      }
   },
   {
      "model":"tournaments.player",
      "pk":26,
      "fields":{
         "name":"Martin",
         "lastname":"Harniš",
         "year_of_birth":2011,
         "license_validity":"2023-01-18",
         "player_is_girl":false,
         "club":5
      }
   },
   {
      "model":"tournaments.player",
      "pk":29,
      "fields":{
         "name":"Melánia",
         "lastname":"Stolarčíková",
         "year_of_birth":2009,
         "license_validity":"2023-01-31",
         "player_is_girl":true,
         "club":1
      }
   },
   {
      "model":"tournaments.player",
      "pk":30,
      "fields":{
         "name":"Viktória",
         "lastname":"Danielčáková",
         "year_of_birth":2005,
         "license_validity":"2023-01-31",
         "player_is_girl":true,
         "club":4
      }
   },
   {
      "model":"tournaments.season",
      "pk":1,
      "fields":{
         "season_name":"2022/2023"
      }
   },
   {
      "model":"tournaments.season",
      "pk":2,
      "fields":{
         "season_name":"2023/2024"
      }
   },
   {
      "model":"tournaments.league",
      "pk":1,
      "fields":{
         "league_name":"2"
      }
   },
   {
      "model":"tournaments.league",
      "pk":2,
      "fields":{
         "league_name":"3"
      }
   },
   {
      "model":"tournaments.league",
      "pk":3,
      "fields":{
         "league_name":"4"
      }
   },
   {
      "model":"tournaments.league",
      "pk":4,
      "fields":{
         "league_name":"5"
      }
   },
   {
      "model":"tournaments.discipline",
      "pk":1,
      "fields":{
         "discipline_name":"dvojhra"
      }
   },
   {
      "model":"tournaments.discipline",
      "pk":2,
      "fields":{
         "discipline_name":"štvorhra"
      }
   },
   {
      "model":"tournaments.organizer",
      "pk":1,
      "fields":{
         "organizer_name":"V",
         "organizer_lastname":"D",
         "organizer_mail":"v@d.vd",
         "organizer_phone":"+412123456789"
      }
   },
   {
      "model":"tournaments.organizer",
      "pk":2,
      "fields":{
         "organizer_name":"L",
         "organizer_lastname":"J",
         "organizer_mail":"l@j.lj",
         "organizer_phone":"0912345678"
      }
   },
   {
      "model":"tournaments.organizer",
      "pk":3,
      "fields":{
         "organizer_name":"J",
         "organizer_lastname":"S",
         "organizer_mail":"J@S.JS",
         "organizer_phone":"12314214354356"
      }
   },
   {
      "model":"tournaments.schedule",
      "pk":1,
      "fields":{
         "start_time":"07:30:00",
         "end_time":"08:30:00",
         "task":"prezentácia"
      }
   },
   {
      "model":"tournaments.schedule",
      "pk":2,
      "fields":{
         "start_time":"08:30:00",
         "end_time":null,
         "task":"žrebovanie"
      }
   },
   {
      "model":"tournaments.schedule",
      "pk":3,
      "fields":{
         "start_time":"09:00:00",
         "end_time":null,
         "task":"otvorenie turnaja, začiatok súťaží"
      }
   },
   {
      "model":"tournaments.propositions",
      "pk":1,
      "fields":{
         "prescription":"Hrá sa podľa pravidiel stolného tenisu, podľa SP stolného tenisu a podľa ustanovení tohto rozpisu. Hrá sa s plastovými loptičkami JOOLA ***",
         "tournament_system":"hrá sa v skupinách s nasadenými hráčmi podľa rebríčka vytvoreného na základe priebežných výsledkov po treťom turnaji. Zo skupiny postupujú prví dvaja do horného pavúka. Hráči na spodných priečkach hrajú spodný pavúk. Hrá sa o konečné umiestnenie. Hrá sa na tri vyhrané sety.",
         "notes":"Jednotliví hráči musia byť nahlásení do piatka 14.10.2022, 18:00 pred turnajom na email: stolnytenis@texnet.sk alebo sms na tel.:0905 704 895",
         "event_location":"Telocvičňa ZŠ Spišský Štvrtok",
         "event_date":"2022-10-15",
         "season":1,
         "tournament_order":1,
         "organizer_club":3,
         "start_fee":4,
         "director":1,
         "judge":2,
         "registration":1,
         "category":[
            1,
            2,
            3,
            4
         ],
         "league":[
            1
         ],
         "discipline":[
            1
         ],
         "schedule":[
            1,
            2,
            3
         ]
      }
   },
   {
      "model":"tournaments.propositions",
      "pk":2,
      "fields":{
         "prescription":"Hrá sa podľa pravidiel stolného tenisu, podľa SP stolného tenisu a podľa ustanovení tohto rozpisu. Hrá sa plastovými loptičkami Schildkrot +++",
         "tournament_system":"hrá sa v skupinách s nasadenými hráčmi podľa rebríčka po 1. turnaji. Zo skupiny postupujú prví dvaja do horného pavúka. Hráči na spodných priečkach hrajú spodný pavúk. Hrá sa o konečné umiestnenie. Hrá sa na tri vyhrané sety.",
         "notes":"Hráči musia byť nahlásení najneskôr do piatku 28. októbra 2022 do 18:00 hod. na hore uvedenú adresu alebo tel. číslo",
         "event_location":"Telocvičňa ZŠ Spišská Stará Ves",
         "event_date":"2022-10-29",
         "season":1,
         "tournament_order":2,
         "organizer_club":4,
         "start_fee":4,
         "director":3,
         "judge":2,
         "registration":3,
         "category":[
            1,
            2,
            3,
            4
         ],
         "league":[
            1
         ],
         "discipline":[
            1
         ],
         "schedule":[
            1,
            2,
            3
         ]
      }
   },
   {
      "model":"tournaments.propositions",
      "pk":3,
      "fields":{
         "prescription":"ôldkasldôasd",
         "tournament_system":"dklajsdklasmd",
         "notes":"askldjaslkd",
         "event_location":"Nikde",
         "event_date":"2023-03-02",
         "season":2,
         "tournament_order":1,
         "organizer_club":5,
         "start_fee":null,
         "director":2,
         "judge":1,
         "registration":3,
         "category":[
            1,
            2
         ],
         "league":[
            1
         ],
         "discipline":[
            1
         ],
         "schedule":[
            1,
            2,
            3
         ]
      }
   },
   {
      "model":"tournaments.scoreboard",
      "pk":1,
      "fields":{
         "ranking_points":[
            {
               "points":70,
               "ranking":1
            },
            {
               "points":65,
               "ranking":2
            },
            {
               "points":60,
               "ranking":3
            },
            {
               "points":55,
               "ranking":4
            },
            {
               "points":50,
               "ranking":5
            },
            {
               "points":47,
               "ranking":6
            },
            {
               "points":45,
               "ranking":7
            },
            {
               "points":43,
               "ranking":8
            },
            {
               "points":40,
               "ranking":9
            },
            {
               "points":38,
               "ranking":10
            },
            {
               "points":36,
               "ranking":11
            },
            {
               "points":34,
               "ranking":12
            },
            {
               "points":32,
               "ranking":13
            },
            {
               "points":30,
               "ranking":14
            },
            {
               "points":29,
               "ranking":15
            },
            {
               "points":28,
               "ranking":16
            },
            {
               "points":26,
               "ranking":17
            },
            {
               "points":24,
               "ranking":18
            },
            {
               "points":23,
               "ranking":19
            },
            {
               "points":22,
               "ranking":20
            },
            {
               "points":21,
               "ranking":21
            },
            {
               "points":20,
               "ranking":22
            },
            {
               "points":19,
               "ranking":23
            },
            {
               "points":18,
               "ranking":24
            },
            {
               "points":16,
               "ranking":25
            },
            {
               "points":15,
               "ranking":26
            },
            {
               "points":14,
               "ranking":27
            },
            {
               "points":13,
               "ranking":28
            },
            {
               "points":12,
               "ranking":29
            },
            {
               "points":11,
               "ranking":30
            },
            {
               "points":10,
               "ranking":31
            },
            {
               "points":9,
               "ranking":32
            },
            {
               "points":8,
               "ranking":33
            },
            {
               "points":7,
               "ranking":34
            },
            {
               "points":6,
               "ranking":35
            },
            {
               "points":5,
               "ranking":36
            },
            {
               "points":4,
               "ranking":37
            },
            {
               "points":3,
               "ranking":38
            },
            {
               "points":2,
               "ranking":39
            },
            {
               "points":1,
               "ranking":40
            }
         ]
      }
   },
   {
      "model":"tournaments.tournament",
      "pk":1,
      "fields":{
         "name":"Turnaj 1",
         "description":"Popis len tak pre srandu",
         "propositions":1
      }
   },
   {
      "model":"tournaments.tournament",
      "pk":2,
      "fields":{
         "name":"Turnaj 2",
         "description":"Len tak pre turnaj 2",
         "propositions":2
      }
   },
   {
      "model":"tournaments.result",
      "pk":4,
      "fields":{
         "player":1,
         "tournament":1,
         "result":70
      }
   },
   {
      "model":"tournaments.result",
      "pk":5,
      "fields":{
         "player":2,
         "tournament":1,
         "result":65
      }
   },
   {
      "model":"tournaments.result",
      "pk":6,
      "fields":{
         "player":3,
         "tournament":1,
         "result":60
      }
   },
   {
      "model":"tournaments.result",
      "pk":7,
      "fields":{
         "player":4,
         "tournament":1,
         "result":55
      }
   },
   {
      "model":"tournaments.result",
      "pk":8,
      "fields":{
         "player":5,
         "tournament":1,
         "result":50
      }
   },
   {
      "model":"tournaments.result",
      "pk":9,
      "fields":{
         "player":6,
         "tournament":1,
         "result":47
      }
   },
   {
      "model":"tournaments.result",
      "pk":10,
      "fields":{
         "player":7,
         "tournament":1,
         "result":45
      }
   },
   {
      "model":"tournaments.result",
      "pk":11,
      "fields":{
         "player":8,
         "tournament":1,
         "result":43
      }
   },
   {
      "model":"tournaments.result",
      "pk":12,
      "fields":{
         "player":9,
         "tournament":1,
         "result":40
      }
   },
   {
      "model":"tournaments.result",
      "pk":13,
      "fields":{
         "player":10,
         "tournament":1,
         "result":38
      }
   },
   {
      "model":"tournaments.result",
      "pk":14,
      "fields":{
         "player":12,
         "tournament":1,
         "result":34
      }
   },
   {
      "model":"tournaments.result",
      "pk":15,
      "fields":{
         "player":13,
         "tournament":1,
         "result":32
      }
   },
   {
      "model":"tournaments.result",
      "pk":16,
      "fields":{
         "player":14,
         "tournament":1,
         "result":30
      }
   },
   {
      "model":"tournaments.result",
      "pk":17,
      "fields":{
         "player":15,
         "tournament":1,
         "result":29
      }
   },
   {
      "model":"tournaments.result",
      "pk":18,
      "fields":{
         "player":16,
         "tournament":1,
         "result":29
      }
   },
   {
      "model":"tournaments.result",
      "pk":19,
      "fields":{
         "player":17,
         "tournament":1,
         "result":26
      }
   },
   {
      "model":"tournaments.result",
      "pk":20,
      "fields":{
         "player":18,
         "tournament":1,
         "result":26
      }
   },
   {
      "model":"tournaments.result",
      "pk":21,
      "fields":{
         "player":21,
         "tournament":1,
         "result":21
      }
   },
   {
      "model":"tournaments.result",
      "pk":22,
      "fields":{
         "player":22,
         "tournament":1,
         "result":21
      }
   },
   {
      "model":"tournaments.result",
      "pk":26,
      "fields":{
         "player":1,
         "tournament":2,
         "result":70
      }
   },
   {
      "model":"tournaments.result",
      "pk":27,
      "fields":{
         "player":2,
         "tournament":2,
         "result":65
      }
   },
   {
      "model":"tournaments.result",
      "pk":28,
      "fields":{
         "player":3,
         "tournament":2,
         "result":60
      }
   },
   {
      "model":"tournaments.result",
      "pk":29,
      "fields":{
         "player":7,
         "tournament":2,
         "result":55
      }
   },
   {
      "model":"tournaments.result",
      "pk":30,
      "fields":{
         "player":23,
         "tournament":2,
         "result":50
      }
   },
   {
      "model":"tournaments.result",
      "pk":31,
      "fields":{
         "player":5,
         "tournament":2,
         "result":47
      }
   },
   {
      "model":"tournaments.result",
      "pk":32,
      "fields":{
         "player":4,
         "tournament":2,
         "result":45
      }
   },
   {
      "model":"tournaments.result",
      "pk":33,
      "fields":{
         "player":24,
         "tournament":2,
         "result":43
      }
   },
   {
      "model":"tournaments.result",
      "pk":34,
      "fields":{
         "player":25,
         "tournament":2,
         "result":40
      }
   },
   {
      "model":"tournaments.result",
      "pk":35,
      "fields":{
         "player":10,
         "tournament":2,
         "result":38
      }
   },
   {
      "model":"tournaments.result",
      "pk":36,
      "fields":{
         "player":15,
         "tournament":2,
         "result":36
      }
   },
   {
      "model":"tournaments.result",
      "pk":37,
      "fields":{
         "player":26,
         "tournament":2,
         "result":36
      }
   },
   {
      "model":"tournaments.result",
      "pk":38,
      "fields":{
         "player":22,
         "tournament":2,
         "result":32
      }
   },
   {
      "model":"tournaments.result",
      "pk":39,
      "fields":{
         "player":14,
         "tournament":2,
         "result":32
      }
   },
   {
      "model":"tournaments.result",
      "pk":40,
      "fields":{
         "player":17,
         "tournament":2,
         "result":32
      }
   },
   {
      "model":"tournaments.result",
      "pk":42,
      "fields":{
         "player":11,
         "tournament":1,
         "result":36
      }
   },
   {
      "model":"tournaments.result",
      "pk":43,
      "fields":{
         "player":19,
         "tournament":1,
         "result":26
      }
   },
   {
      "model":"tournaments.result",
      "pk":44,
      "fields":{
         "player":20,
         "tournament":1,
         "result":26
      }
   }
]